Model,Compression,RMSE,R²,Size (KB),Inf Time (s),Size Reduction,RMSE Change,Fairness Gap
XGBoost,None (baseline),48.791,-0.644,2125.796,N/A,—,—,—
LSTM,None (baseline),34.743,0.166,1811.746,0.0740,—,—,9.430
Attention-LSTM,None (baseline),45.322,-0.419,1858.672,0.2471,—,—,6.259
PINN-LSTM,None (baseline),32.899,0.252,1812.056,0.0808,—,—,7.638
LSTM,Float16,34.741,0.166,907.996,0.1125,-50%,+-0.002,9.430
LSTM,Int8 simulated,34.564,0.175,1811.746,0.0787,-0%,+-0.178,9.515
Attention-LSTM,Float16,45.318,-0.419,932.047,0.2525,-50%,+-0.003,6.222
Attention-LSTM,Int8 simulated,45.179,-0.410,1858.672,0.2013,-0%,+-0.143,6.284
PINN-LSTM,Float16,32.895,0.253,908.306,0.0923,-50%,+-0.003,7.637
PINN-LSTM,Int8 simulated,33.008,0.247,1812.056,0.0773,-0%,+0.109,7.592
Attention-LSTM,Pruned 20%,41.248,-0.175,1858.672,0.2237,-0%,+-4.073,5.502
LSTM,Pruned 20%,34.743,0.166,1811.746,0.0690,-0%,+0.000,9.430
PINN-LSTM,Pruned 20%,32.900,0.252,1812.056,0.0711,-0%,+0.002,7.638
Attention-LSTM,Pruned 40%,40.712,-0.145,1858.672,0.2027,-0%,+-4.609,8.010
LSTM,Pruned 40%,35.405,0.134,1811.746,0.0743,-0%,+0.662,8.705
PINN-LSTM,Pruned 40%,35.127,0.148,1812.056,0.0710,-0%,+2.229,7.630
Attention-LSTM,Pruned 60%,44.492,-0.367,1858.672,0.2040,-0%,+-0.830,2.485
LSTM,Pruned 60%,42.758,-0.263,1811.746,0.0813,-0%,+8.015,5.746
PINN-LSTM,Pruned 60%,43.425,-0.303,1812.056,0.0741,-0%,+10.526,5.741
