quartile,model,rmse,mae,mpe,n
"Q1
(most deprived)",XGBoost,52.434045252702944,32.96867370605469,-32.90851593017578,3014
"Q1
(most deprived)",LightGBM,52.36469749445803,33.03203973309002,-33.02310704551696,3014
"Q1
(most deprived)",LSTM,39.230154280639944,22.06472396850586,-20.282917022705078,3014
"Q1
(most deprived)",Attention-LSTM,48.977239811276114,29.713144302368164,-29.47449493408203,3014
"Q1
(most deprived)",PINN-LSTM,36.69529503539078,19.861791610717773,-17.871915817260742,3014
Q2,XGBoost,45.70177348429024,29.59745216369629,-29.559045791625977,5981
Q2,LightGBM,45.712979671201715,29.663465004418416,-29.65108579472191,5981
Q2,LSTM,31.77693439541191,17.135692596435547,-13.337776184082031,5981
Q2,Attention-LSTM,42.289239302004326,25.77269744873047,-25.212717056274414,5981
Q2,PINN-LSTM,30.32547744916032,16.28141212463379,-11.140512466430664,5981
Q3,XGBoost,52.25442938761268,32.86908721923828,-32.85074996948242,3216
Q3,LightGBM,52.55498434311612,33.07980593055062,-33.060006217469045,3216
Q3,LSTM,38.2241203171955,20.649682998657227,-18.381103515625,3216
Q3,Attention-LSTM,48.61914027192634,29.02772331237793,-28.689029693603516,3216
Q3,PINN-LSTM,35.84890914810902,18.841917037963867,-16.321332931518555,3216
Q4,XGBoost,46.20366397216919,30.523069381713867,-30.49088478088379,1998
Q4,LightGBM,46.17405930069724,30.5773307176729,-30.546107939871412,1998
Q4,LSTM,29.800324262864574,15.967826843261719,-13.121397018432617,1998
Q4,Attention-LSTM,42.76445182442714,26.751768112182617,-26.407880783081055,1998
Q4,PINN-LSTM,29.05689104980897,15.246050834655762,-11.849761962890625,1998
