hidden_dim,n_layers,dropout,embedding_dim,val_loss
64,1,0.2,8,1513.6442427201705
64,1,0.2,32,1514.275801225142
128,1,0.3,8,1514.8231090198863
32,1,0.3,16,1516.1720747514205
128,1,0.2,16,1516.3172496448863
32,1,0.3,8,1516.8058083274148
32,1,0.2,16,1517.1049693714488
64,1,0.1,8,1517.7865767045455
64,1,0.1,16,1518.1140469637785
64,1,0.3,8,1518.3714599609375
32,1,0.1,8,1519.8520618785512
64,1,0.3,32,1520.2625510475852
64,1,0.2,16,1520.265702681108
64,1,0.3,16,1520.4905783913352
32,1,0.2,8,1521.3938654119318
128,1,0.1,8,1521.5859264026988
128,1,0.2,8,1522.0918412642045
32,1,0.3,32,1522.181962446733
128,1,0.3,16,1523.2782204367898
32,1,0.1,16,1524.7482244318182
128,1,0.3,32,1525.1972323330965
128,1,0.1,16,1525.9918323863637
64,1,0.1,32,1527.1222700639205
128,1,0.2,32,1528.4636119495738
128,1,0.1,32,1535.0142156427557
128,2,0.3,8,1535.9711692116477
32,2,0.3,8,1537.8184814453125
32,1,0.1,32,1538.2071755149148
32,1,0.2,32,1540.1073663884943
128,2,0.3,16,1543.9796919389205
64,2,0.3,8,1544.6801646839488
32,2,0.3,16,1544.8544921875
64,2,0.3,16,1545.2798406427557
32,2,0.3,32,1547.1826171875
64,2,0.3,32,1548.8008256392045
32,2,0.2,8,1550.2099498401988
128,2,0.3,32,1550.7675226384943
64,2,0.2,32,1562.1216486150568
128,2,0.2,8,1563.4608931107955
64,2,0.2,8,1564.943681196733
32,2,0.2,16,1567.243008700284
32,2,0.1,8,1568.4241055575285
128,2,0.2,16,1569.9028431285512
128,2,0.2,32,1574.8980158025568
128,2,0.1,8,1574.9562655362215
32,2,0.2,32,1575.3387229225852
64,2,0.2,16,1576.8490988991477
64,2,0.1,8,1580.1110617897727
32,2,0.1,16,1588.4768399325285
64,2,0.1,16,1594.1250443892045
32,2,0.1,32,1594.5768377130682
128,2,0.1,16,1596.1750044389205
128,2,0.1,32,1603.4511940696023
64,2,0.1,32,1607.2269398082387
