lad_code,lad_name,imd_score_mean,imd_score_max,imd_decile_mean,income_score_mean,health_score_mean,crime_score_mean,n_lsoas,imd_quintile
E06000001,Hartlepool,34.85312068965517,74.719,3.689655172413793,0.22624137931034483,0.8741896551724139,0.582344827586207,58,1
E06000002,Middlesbrough,40.44311627906977,78.009,3.383720930232558,0.25132558139534883,1.1920697674418606,0.6805232558139535,86,1
E06000003,Redcar and Cleveland,29.841329545454542,76.969,4.340909090909091,0.1855340909090909,0.807034090909091,0.15222727272727274,88,1
E06000004,Stockton-on-Tees,25.244108333333333,75.941,5.208333333333333,0.16101666666666667,0.67,-0.1372,120,2
E06000005,Darlington,26.787,73.994,4.815384615384615,0.16,0.5826307692307693,0.5795230769230769,65,2
E06000006,Halton,32.8756835443038,67.435,3.7974683544303796,0.1880886075949367,0.9676075949367089,0.26126582278481014,79,1
E06000007,Warrington,18.95548031496063,58.314,6.165354330708661,0.10914173228346458,0.30148818897637797,-0.16343307086614173,127,3
E06000008,Blackburn with Darwen,35.81362637362637,79.94,3.318681318681319,0.20946153846153845,1.0583846153846155,0.4116813186813187,91,1
E06000009,Blackpool,45.907638297872346,88.774,2.4148936170212765,0.2515,1.6709255319148937,0.8563617021276596,94,1
E06000010,"Kingston upon Hull, City of",40.33506626506024,82.194,2.9518072289156625,0.2258855421686747,0.8486686746987951,0.8230722891566264,166,1
E06000011,East Riding of Yorkshire,15.798033333333333,78.1,6.757142857142857,0.09641904761904763,-0.3719714285714286,-0.5271571428571429,210,4
E06000012,North East Lincolnshire,32.04679245283019,81.738,4.2924528301886795,0.1930377358490566,0.4314150943396226,0.5168207547169812,106,1
E06000013,North Lincolnshire,21.929435643564357,70.656,5.326732673267327,0.13185148514851486,0.22757425742574258,0.10695049504950495,101,2
E06000014,York,11.942108333333332,44.519,7.641666666666667,0.07379166666666667,-0.2983333333333333,-0.7987083333333334,120,5
E06000015,Derby,25.27052317880795,64.431,4.9072847682119205,0.1517748344370861,0.4994105960264901,-0.15571523178807944,151,2
E06000016,Leicester,30.894651041666666,72.55,3.5833333333333335,0.19670833333333335,0.5881354166666667,0.4782916666666667,192,1
E06000017,Rutland,8.706521739130435,20.084,8.478260869565217,0.05499999999999999,-1.04,-1.1768695652173913,23,5
E06000018,Nottingham,35.73131318681319,73.881,2.9615384615384617,0.20558241758241758,0.8736318681318681,0.45956043956043957,182,1
E06000019,"Herefordshire, County of",18.96776724137931,45.889,5.525862068965517,0.09847413793103449,-0.3105603448275862,-0.6153103448275863,116,3
E06000020,Telford and Wrekin,25.34003703703704,68.039,4.833333333333333,0.1570925925925926,0.46691666666666665,0.19980555555555557,108,2
E06000021,Stoke-on-Trent,34.04472327044025,66.239,3.3710691823899372,0.1871761006289308,1.0241509433962264,0.4752893081761006,159,1
E06000022,Bath and North East Somerset,12.052582608695653,44.686,7.495652173913044,0.08105217391304348,-0.6351391304347825,-0.26977391304347825,115,5
E06000023,"Bristol, City of",26.24455513307985,75.488,4.634980988593156,0.13971863117870723,0.3289847908745247,0.7500570342205324,263,2
E06000024,North Somerset,15.883244444444443,72.904,6.874074074074074,0.10085185185185186,-0.24852592592592593,-0.1718296296296296,135,4
E06000025,South Gloucestershire,11.62049696969697,38.039,7.5636363636363635,0.0731030303030303,-0.7924545454545454,-0.21803030303030305,165,5
E06000026,Plymouth,26.36757142857143,72.714,4.478260869565218,0.14727329192546582,0.6517950310559005,-0.07042236024844721,161,2
E06000027,Torbay,27.75514606741573,71.902,4.134831460674158,0.1717191011235955,0.5012696629213483,0.004887640449438185,89,1
E06000030,Swindon,18.510363636363635,62.506,6.181818181818182,0.10898484848484849,0.020310606060606064,0.17884848484848484,132,3
E06000031,Peterborough,27.605464285714284,61.304,4.223214285714286,0.1538392857142857,0.42741071428571425,0.487875,112,1
E06000032,Luton,25.034743801652894,56.034,4.322314049586777,0.15005785123966942,0.2631074380165289,0.365,121,2
E06000033,Southend-on-Sea,21.6996261682243,73.557,5.5046728971962615,0.14051401869158878,0.037233644859813085,0.16670093457943924,107,2
E06000034,Thurrock,20.632714285714286,54.257,5.26530612244898,0.1276122448979592,-0.2426938775510204,0.25066326530612243,98,3
E06000035,Medway,23.79322699386503,73.322,4.9079754601226995,0.1335521472392638,0.07670552147239264,0.5380552147239264,163,2
E06000036,Bracknell Forest,10.282426666666668,28.894,7.96,0.06792000000000001,-0.8660800000000001,-0.8599066666666666,75,5
E06000037,West Berkshire,9.889938144329896,35.711,8.072164948453608,0.06396907216494846,-0.8912371134020619,-0.6805979381443299,97,5
E06000038,Reading,19.960051546391753,49.579,5.474226804123711,0.11561855670103093,-0.012824742268041232,0.1139896907216495,97,3
E06000039,Slough,23.0155125,41.477,4.5375,0.126125,0.16405,0.4182125,80,2
E06000040,Windsor and Maidenhead,8.460516853932583,26.585,8.48314606741573,0.058516853932584274,-1.0113258426966292,-0.5001123595505618,89,5
E06000041,Wokingham,5.819434343434343,24.28,9.272727272727273,0.044040404040404046,-1.5329393939393938,-0.9958181818181818,99,5
E06000042,Milton Keynes,17.95475,63.521,6.1381578947368425,0.11051973684210525,-0.14284868421052632,-0.16726315789473684,152,3
E06000043,Brighton and Hove,20.978539393939393,69.404,5.551515151515152,0.12525454545454545,0.10623636363636364,-0.06520606060606061,165,3
E06000044,Portsmouth,26.822400000000002,72.083,4.288,0.133512,0.261776,0.637352,125,1
E06000045,Southampton,27.261945945945946,67.169,4.114864864864865,0.13769594594594595,0.5482162162162162,0.8893243243243244,148,1
E06000046,Isle of Wight,23.294426966292136,51.772,4.595505617977528,0.1374494382022472,0.08731460674157303,-0.21613483146067416,89,2
E06000047,County Durham,27.434944444444447,73.145,4.262345679012346,0.16869753086419753,0.7349598765432099,0.28425617283950616,324,1
E06000049,Cheshire East,14.188901709401708,56.717,7.1068376068376065,0.0820042735042735,-0.16578205128205128,-0.398042735042735,234,4
E06000050,Cheshire West and Chester,18.308811320754717,65.598,6.231132075471698,0.1098679245283019,0.12147641509433962,-0.2738066037735849,212,3
E06000051,Shropshire,17.400854922279795,53.843,5.891191709844559,0.09727979274611398,-0.3329689119170985,-0.5826476683937823,193,3
E06000052,Cornwall,23.32192944785276,64.212,4.542944785276074,0.1314079754601227,0.0835,-0.6938926380368098,326,2
E06000053,Isles of Scilly,12.005,12.005,7.0,0.029,-2.625,-0.778,1,5
E06000054,Wiltshire,13.566312280701753,48.016,7.007017543859649,0.07856491228070175,-0.5537684210526316,-0.5304631578947367,285,4
E06000055,Bedford,19.100135922330097,55.696,5.796116504854369,0.11363106796116505,-0.07340776699029126,-0.11894174757281553,103,3
E06000056,Central Bedfordshire,11.968337579617835,39.495,7.528662420382165,0.07547770700636942,-0.7004331210191083,-0.2516496815286624,157,5
E06000057,Northumberland,21.903492385786805,73.732,5.401015228426396,0.12487817258883248,0.19485279187817262,-0.15201522842639595,197,2
E06000058,"Bournemouth, Christchurch and Poole",17.869158798283262,64.869,6.064377682403434,0.11044206008583692,-0.05538626609442061,-0.14039914163090128,233,3
E06000059,Dorset,15.624360730593608,57.714,6.502283105022831,0.08811872146118721,-0.3319543378995434,-0.7207077625570777,219,4
E07000004,Aylesbury Vale,11.033721739130435,35.913,7.756521739130434,0.06562608695652174,-0.8146173913043478,-0.5757304347826088,115,5
E07000005,Chiltern,6.945192982456141,24.047,8.859649122807017,0.05231578947368421,-1.5270000000000001,-0.7713508771929825,57,5
E07000006,South Bucks,9.57255,20.791,8.1,0.057199999999999994,-1.286,-0.088125,40,5
E07000007,Wycombe,10.32856074766355,31.101,7.897196261682243,0.07373831775700934,-1.0444579439252337,-0.6936261682242991,107,5
E07000008,Cambridge,15.434217391304347,40.291,6.608695652173913,0.08347826086956521,-0.42697101449275365,0.18936231884057972,69,4
E07000009,East Cambridgeshire,11.54288,23.825,7.5,0.07002,-0.92446,-0.7617400000000001,50,5
E07000010,Fenland,25.681490909090908,52.745,4.1454545454545455,0.14143636363636364,0.5247454545454545,-0.05218181818181818,55,2
E07000011,Huntingdonshire,12.457009523809525,34.354,7.352380952380952,0.07226666666666667,-0.6016190476190476,-0.4171714285714285,105,4
E07000012,South Cambridgeshire,8.6168125,28.351,8.427083333333334,0.05566666666666667,-1.1227083333333334,-0.55378125,96,5
E07000026,Allerdale,22.669183333333333,63.64,5.083333333333333,0.11931666666666667,0.17775,-0.5841999999999999,60,2
E07000027,Barrow-in-Furness,31.56416326530612,75.081,4.061224489795919,0.16048979591836735,1.2645510204081634,-0.39648979591836736,49,1
E07000028,Carlisle,22.292338235294118,58.013,5.176470588235294,0.11823529411764708,0.3689411764705883,-0.3102058823529412,68,2
E07000029,Copeland,25.19824489795918,66.119,4.469387755102041,0.12908163265306122,0.7514897959183674,-0.7669387755102041,49,2
E07000030,Eden,16.25033333333333,28.625,6.111111111111111,0.06983333333333334,-0.5407777777777778,-1.2301666666666666,36,3
E07000031,South Lakeland,12.229677966101695,25.214,7.271186440677966,0.06186440677966101,-0.4805254237288135,-1.2043559322033899,59,5
E07000032,Amber Valley,18.071410256410257,59.944,6.012820512820513,0.10920512820512822,0.13344871794871796,-0.7487051282051282,78,3
E07000033,Bolsover,25.007270833333333,51.317,4.333333333333333,0.14602083333333335,0.6548541666666666,-0.5340208333333333,48,2
E07000034,Chesterfield,24.784884057971013,65.469,4.6521739130434785,0.15208695652173912,0.8998840579710145,-0.6567391304347826,69,2
E07000035,Derbyshire Dales,11.843325581395348,44.195,7.558139534883721,0.06851162790697675,-0.5452558139534884,-1.1713255813953487,43,5
E07000036,Erewash,18.93386301369863,71.148,5.972602739726027,0.1212054794520548,0.01626027397260275,-0.40006849315068493,73,3
E07000037,High Peak,15.905423728813561,55.051,6.559322033898305,0.09808474576271187,0.038254237288135595,-0.7146271186440677,59,4
E07000038,North East Derbyshire,17.187698412698413,48.768,6.238095238095238,0.1101904761904762,0.14958730158730157,-0.9967936507936508,63,3
E07000039,South Derbyshire,14.523499999999999,39.281,6.862068965517241,0.08308620689655172,-0.16910344827586207,-0.6665172413793103,58,4
E07000040,East Devon,12.706506172839507,32.824,7.197530864197531,0.08162962962962964,-0.6277037037037038,-0.9600370370370371,81,4
E07000041,Exeter,16.315054054054055,42.632,6.391891891891892,0.09691891891891892,-0.05822972972972972,-0.32309459459459455,74,3
E07000042,Mid Devon,17.320372093023256,32.033,5.813953488372093,0.09413953488372093,-0.7343023255813953,-0.9292558139534883,43,3
E07000043,North Devon,20.81246551724138,55.005,5.172413793103448,0.11277586206896552,0.1623103448275862,-0.6740172413793103,58,3
E07000044,South Hams,13.585408163265305,27.498,6.836734693877551,0.08742857142857142,-0.5671632653061225,-1.034469387755102,49,4
E07000045,Teignbridge,15.660142857142857,36.43,6.357142857142857,0.09980952380952382,-0.27667857142857144,-0.6656190476190476,84,4
E07000046,Torridge,23.011891891891892,41.846,4.513513513513513,0.11943243243243243,0.10486486486486486,-0.9277297297297298,37,2
E07000047,West Devon,18.011741935483872,26.391,5.645161290322581,0.09683870967741937,-0.17029032258064516,-0.9776451612903225,31,3
E07000061,Eastbourne,21.88967213114754,48.815,4.983606557377049,0.13927868852459016,0.04322950819672131,-0.06868852459016395,61,2
E07000062,Hastings,34.58694339622642,73.26,3.2264150943396226,0.20381132075471697,0.6535660377358491,0.47615094339622643,53,1
E07000063,Lewes,15.762306451612904,36.973,6.467741935483871,0.0987258064516129,-0.38737096774193547,-0.5308870967741935,62,4
E07000064,Rother,19.799706896551726,61.899,5.413793103448276,0.11329310344827585,-0.07275862068965516,-0.4307241379310345,58,3
E07000065,Wealden,12.487631578947369,38.194,7.336842105263158,0.07397894736842106,-0.9272842105263158,-0.7463578947368421,95,4
E07000066,Basildon,22.80630909090909,55.995,5.2,0.1344909090909091,-0.10373636363636363,0.3833909090909091,110,2
E07000067,Braintree,14.791563218390804,35.913,6.609195402298851,0.09258620689655173,-0.3673448275862069,-0.28088505747126435,87,4
E07000068,Brentwood,10.041695652173914,23.344,8.021739130434783,0.06419565217391304,-1.0477173913043478,-0.0835,46,5
E07000069,Castle Point,16.84433333333333,56.301,6.280701754385965,0.10694736842105264,-0.30212280701754385,-0.19187719298245617,57,3
E07000070,Chelmsford,12.06096261682243,40.693,7.4953271028037385,0.07648598130841121,-0.8396822429906542,-0.23942990654205606,107,5
E07000071,Colchester,17.088638095238096,51.665,6.171428571428572,0.10112380952380953,-0.09255238095238096,-0.13373333333333334,105,3
E07000072,Epping Forest,14.7425,36.978,6.628205128205129,0.09056410256410256,-0.7800769230769231,0.3028461538461538,78,4
E07000073,Harlow,21.649870370370373,33.772,4.814814814814815,0.13533333333333333,0.22587037037037036,0.2369814814814815,54,2
E07000074,Maldon,14.016925,28.498,6.8,0.085875,-0.532825,-0.65525,40,4
E07000075,Rochford,10.532018867924528,41.332,8.0,0.07362264150943397,-0.9385283018867924,-0.5953584905660377,53,5
E07000076,Tendring,30.036853932584272,92.735,3.842696629213483,0.16946067415730337,0.6831797752808988,0.18680898876404495,89,1
E07000077,Uttlesford,9.281565217391304,18.177,8.152173913043478,0.05386956521739131,-1.298,-0.5557608695652174,46,5
E07000078,Cheltenham,14.291706666666666,49.978,7.013333333333334,0.09178666666666667,-0.16325333333333333,-0.15784,75,4
E07000079,Cotswold,10.974862745098038,23.913,7.647058823529412,0.06476470588235295,-0.8623333333333333,-1.052549019607843,51,5
E07000080,Forest of Dean,18.1901,46.627,5.62,0.10882,-0.4039,-0.83258,50,3
E07000081,Gloucester,22.098628205128204,63.633,5.448717948717949,0.12739743589743588,0.4112435897435897,-0.23496153846153847,78,2
E07000082,Stroud,10.821985507246376,30.452,7.811594202898551,0.07784057971014494,-0.5700579710144928,-1.0748985507246378,69,5
E07000083,Tewkesbury,12.09806,40.251,7.5,0.07644000000000001,-0.5806,-0.8543600000000001,50,5
E07000084,Basingstoke and Deane,12.672642201834861,34.369,7.3577981651376145,0.06948623853211008,-0.519211009174312,-0.1625045871559633,109,4
E07000085,East Hampshire,10.389000000000001,28.847,7.986111111111111,0.06170833333333333,-0.8358333333333333,-0.3912083333333333,72,5
E07000086,Eastleigh,10.065285714285714,34.168,8.064935064935066,0.06468831168831168,-0.775974025974026,-0.23244155844155845,77,5
E07000087,Fareham,9.120712328767123,30.306,8.32876712328767,0.0564109589041096,-0.8181917808219178,-0.5305479452054794,73,5
E07000088,Gosport,20.036566037735852,44.603,5.528301886792453,0.10483018867924529,0.0659433962264151,0.3037547169811321,53,3
E07000089,Hart,5.6826491228070175,17.585,9.385964912280702,0.042035087719298245,-1.5186842105263159,-0.6521754385964912,57,5
E07000090,Havant,21.7630641025641,54.58,5.448717948717949,0.12555128205128205,0.05929487179487179,0.25951282051282054,78,2
E07000091,New Forest,13.113315789473683,41.945,7.2105263157894735,0.07640350877192983,-0.6157719298245613,-0.17714912280701756,114,4
E07000092,Rushmoor,15.662706896551724,42.079,6.551724137931035,0.10194827586206898,-0.12889655172413794,-0.01367241379310345,58,4
E07000093,Test Valley,11.59823943661972,35.365,7.577464788732394,0.06502816901408451,-0.7202676056338029,-0.4786478873239437,71,5
E07000094,Winchester,9.671557142857143,28.904,8.185714285714285,0.05885714285714286,-1.0202714285714285,-0.5366428571428571,70,5
E07000095,Broxbourne,17.6,39.851,5.910714285714286,0.10485714285714286,-0.6989821428571429,0.048875,56,3
E07000096,Dacorum,12.80554255319149,36.839,7.212765957446808,0.08390425531914893,-0.7502872340425532,-0.07780851063829787,94,4
E07000098,Hertsmere,14.021645161290323,47.87,6.935483870967742,0.08933870967741935,-0.6754516129032259,0.0031129032258064597,62,4
E07000099,North Hertfordshire,11.826146341463415,37.243,7.560975609756097,0.07939024390243903,-0.6931951219512195,-0.3569512195121951,82,5
E07000102,Three Rivers,9.83277358490566,39.977,8.056603773584905,0.07018867924528302,-1.0890377358490566,-0.4145283018867924,53,5
E07000103,Watford,15.429849056603775,37.481,6.433962264150943,0.09266037735849056,-0.3966603773584906,0.15675471698113208,53,4
E07000105,Ashford,18.56555128205128,48.073,5.730769230769231,0.1092948717948718,-0.44458974358974357,0.10482051282051283,78,3
E07000106,Canterbury,17.569200000000002,46.442,6.133333333333334,0.10426666666666667,-0.11753333333333332,0.14204444444444445,90,3
E07000107,Dartford,18.83653448275862,50.311,5.793103448275862,0.0946551724137931,-0.2332758620689655,0.5525344827586206,58,3
E07000108,Dover,22.08968656716418,59.114,5.0,0.13340298507462686,-0.029597014925373137,0.1352537313432836,67,2
E07000109,Gravesham,20.742375,49.349,5.34375,0.117515625,-0.165265625,0.79609375,64,3
E07000110,Maidstone,16.175168421052632,45.676,6.442105263157894,0.09226315789473685,-0.4978631578947368,-0.04052631578947368,95,3
E07000111,Sevenoaks,12.566662162162162,39.361,7.364864864864865,0.0761081081081081,-1.0197162162162163,0.13316216216216215,74,4
E07000112,Folkestone and Hythe,23.985014925373136,63.736,4.597014925373134,0.14282089552238805,0.12925373134328358,-0.03704477611940298,67,2
E07000113,Swale,27.344635294117644,77.896,4.411764705882353,0.15002352941176472,0.25383529411764705,0.4505882352941176,85,1
E07000114,Thanet,30.315440476190474,76.553,3.9642857142857144,0.17946428571428572,0.3576547619047619,0.6503690476190476,84,1
E07000115,Tonbridge and Malling,13.16238888888889,39.764,7.208333333333333,0.07959722222222222,-0.7328472222222222,-0.20218055555555556,72,4
E07000116,Tunbridge Wells,11.351823529411764,36.079,7.617647058823529,0.07302941176470588,-0.8654999999999999,-0.3859705882352942,68,5
E07000117,Burnley,37.30198333333333,83.799,3.216666666666667,0.19935,1.0762833333333333,0.75505,60,1
E07000118,Chorley,16.862000000000002,48.218,6.424242424242424,0.10071212121212121,0.18981818181818183,-0.23930303030303032,66,3
E07000119,Fylde,16.10894117647059,50.889,6.470588235294118,0.09705882352941177,0.23823529411764707,-0.559078431372549,51,3
E07000120,Hyndburn,33.82386538461538,70.903,3.519230769230769,0.17896153846153848,1.0701153846153846,0.4417692307692308,52,1
E07000121,Lancaster,24.73073033707865,79.13,5.022471910112359,0.13347191011235954,0.5513595505617978,0.03565168539325843,89,2
E07000122,Pendle,30.239421052631577,62.814,3.807017543859649,0.16442105263157894,0.6500350877192982,0.055473684210526314,57,1
E07000123,Preston,28.928255813953488,60.944,4.162790697674419,0.15866279069767442,0.7514186046511628,0.464,86,1
E07000124,Ribble Valley,10.295325,26.071,7.95,0.05585,-0.448625,-0.8280749999999999,40,5
E07000125,Rossendale,24.96144186046512,54.352,4.488372093023256,0.14983720930232558,0.3996511627906976,0.11602325581395348,43,2
E07000126,South Ribble,15.741685714285714,57.05,6.7,0.09344285714285715,0.12572857142857144,-0.309,70,4
E07000127,West Lancashire,18.82278082191781,63.056,6.164383561643835,0.12501369863013698,0.023219178082191774,-0.47379452054794524,73,3
E07000128,Wyre,22.13468115942029,75.224,5.579710144927536,0.13243478260869565,0.5040144927536232,-0.32904347826086955,69,2
E07000129,Blaby,10.924683333333332,25.473,7.716666666666667,0.07105,-0.47741666666666666,-0.23058333333333333,60,5
E07000130,Charnwood,13.339868686868686,62.516,7.202020202020202,0.08462626262626263,-0.4442929292929293,-0.16441414141414143,99,4
E07000131,Harborough,8.06731914893617,26.823,8.553191489361701,0.05640425531914893,-1.0454893617021277,-0.6411489361702127,47,5
E07000132,Hinckley and Bosworth,13.518257575757577,38.96,7.090909090909091,0.08203030303030302,-0.42045454545454547,-0.20053030303030303,66,4
E07000133,Melton,12.558766666666665,28.31,7.4,0.07210000000000001,-0.5684,-0.5441333333333332,30,4
E07000134,North West Leicestershire,14.761672413793104,50.014,6.758620689655173,0.09036206896551724,-0.15532758620689655,-0.28508620689655173,58,4
E07000135,Oadby and Wigston,13.147611111111111,32.894,7.222222222222222,0.08752777777777777,-0.15733333333333335,-0.42075,36,4
E07000136,Boston,22.851916666666668,49.432,4.638888888888889,0.12719444444444444,0.0973611111111111,-0.6058611111111111,36,2
E07000137,East Lindsey,29.65964197530864,70.442,3.8395061728395063,0.162320987654321,0.5897530864197531,-0.6077283950617284,81,1
E07000138,Lincoln,27.388859649122807,68.992,4.333333333333333,0.1589122807017544,0.6718947368421053,0.07826315789473683,57,1
E07000139,North Kesteven,11.661015625,28.322,7.515625,0.08203125,-0.56590625,-1.386953125,64,5
E07000140,South Holland,18.023897959183675,34.0,5.673469387755102,0.10365306122448979,-0.18728571428571428,-0.7263877551020408,49,3
E07000141,South Kesteven,13.317061728395062,44.358,7.209876543209877,0.09193827160493827,-0.500358024691358,-0.9512222222222223,81,4
E07000142,West Lindsey,20.90146153846154,81.3,5.6923076923076925,0.12561538461538463,-0.005634615384615387,-0.8165192307692307,52,3
E07000143,Breckland,19.617294871794872,45.594,5.346153846153846,0.09899999999999999,-0.013589743589743596,-0.6070128205128206,78,3
E07000144,Broadland,11.767738095238096,23.102,7.476190476190476,0.07111904761904762,-0.5263928571428571,-1.0704285714285713,84,5
E07000145,Great Yarmouth,32.357245901639345,78.389,3.6721311475409837,0.18081967213114752,0.5780983606557377,0.03690163934426229,61,1
E07000146,King's Lynn and West Norfolk,23.63096629213483,57.757,4.584269662921348,0.11983146067415731,0.4480898876404495,-0.6834719101123595,89,2
E07000147,North Norfolk,21.107516129032255,42.738,4.806451612903226,0.10803225806451613,0.026516129032258064,-1.0166451612903227,62,2
E07000148,Norwich,28.083301204819275,57.103,4.156626506024097,0.1654698795180723,0.7127951807228916,0.25798795180722894,83,1
E07000149,South Norfolk,13.63474074074074,26.179,6.925925925925926,0.07865432098765433,-0.5855432098765432,-0.9291358024691359,81,4
E07000150,Corby,26.821292682926828,66.317,4.170731707317073,0.1414390243902439,0.667951219512195,0.07621951219512195,41,1
E07000151,Daventry,13.333204545454548,48.691,7.159090909090909,0.07368181818181818,-0.5425681818181819,-0.13038636363636363,44,4
E07000152,East Northamptonshire,14.202326530612245,37.961,6.918367346938775,0.08553061224489795,-0.44551020408163267,-0.31551020408163266,49,4
E07000153,Kettering,18.2589649122807,61.997,6.12280701754386,0.10757894736842105,0.029754385964912283,-0.06271929824561404,57,3
E07000154,Northampton,23.23884210526316,72.233,5.067669172932331,0.12255639097744361,0.350796992481203,0.44165413533834585,133,2
E07000155,South Northamptonshire,7.68343137254902,19.209,8.784313725490197,0.04933333333333333,-1.0101960784313726,-0.7473529411764707,51,5
E07000156,Wellingborough,21.903425531914895,52.888,5.25531914893617,0.1280851063829787,0.16406382978723405,0.2086382978723404,47,2
E07000163,Craven,13.18478125,36.033,7.0625,0.07059375,-0.497125,-1.07690625,32,4
E07000164,Hambleton,11.90623076923077,28.703,7.461538461538462,0.06792307692307692,-0.7567692307692307,-1.2107115384615386,52,5
E07000165,Harrogate,10.756365384615385,50.791,7.836538461538462,0.061836538461538464,-0.606423076923077,-0.9675096153846153,104,5
E07000166,Richmondshire,12.312411764705883,30.618,7.352941176470588,0.06082352941176471,-0.6804411764705882,-1.3958529411764704,34,4
E07000167,Ryedale,15.708966666666667,26.08,6.166666666666667,0.08233333333333333,-0.5496666666666666,-1.3498666666666668,30,4
E07000168,Scarborough,26.126422535211265,70.853,4.47887323943662,0.1438450704225352,0.5030985915492957,-0.46978873239436614,71,2
E07000169,Selby,12.67568,46.841,7.3,0.07852,-0.49576,-0.85026,50,4
E07000170,Ashfield,26.502513513513513,66.426,4.283783783783784,0.1524864864864865,0.5584054054054054,0.16209459459459458,74,2
E07000171,Bassetlaw,23.015585714285713,57.047,4.928571428571429,0.1244,0.44602857142857144,0.01105714285714286,70,2
E07000172,Broxtowe,14.454845070422534,42.504,6.887323943661972,0.09785915492957747,-0.26609859154929577,-0.2388169014084507,71,4
E07000173,Gedling,14.967480519480521,55.295,6.688311688311688,0.10264935064935064,-0.24112987012987014,-0.3819480519480519,77,4
E07000174,Mansfield,28.4310447761194,78.837,4.164179104477612,0.15592537313432833,0.7488059701492538,0.1889402985074627,67,1
E07000175,Newark and Sherwood,19.029042857142855,51.823,5.771428571428571,0.10727142857142857,-0.05229999999999999,-0.2992142857142857,70,3
E07000176,Rushcliffe,7.288176470588235,26.093,8.823529411764707,0.06051470588235294,-1.0936911764705881,-0.9055294117647059,68,5
E07000177,Cherwell,14.474225806451614,43.647,6.860215053763441,0.07502150537634408,-0.37630107526881723,-0.4502795698924731,93,4
E07000178,Oxford,16.98675903614458,44.473,6.289156626506024,0.099144578313253,-0.22638554216867468,-0.022060240963855417,83,3
E07000179,South Oxfordshire,8.32867415730337,22.846,8.50561797752809,0.053865168539325846,-1.2186404494382024,-0.775056179775281,89,5
E07000180,Vale of White Horse,8.382750000000001,34.685,8.56578947368421,0.05781578947368421,-1.1011973684210528,-1.0660657894736842,76,5
E07000181,West Oxfordshire,8.76909090909091,25.539,8.469696969696969,0.059954545454545455,-0.9031363636363636,-1.0515,66,5
E07000187,Mendip,16.72507575757576,44.109,6.045454545454546,0.10081818181818182,-0.20134848484848483,-0.21953030303030305,66,3
E07000188,Sedgemoor,21.458357142857142,57.809,5.314285714285714,0.11798571428571429,-0.04105714285714287,-0.09574285714285716,70,2
E07000189,South Somerset,17.401912621359223,45.638,5.922330097087379,0.09618446601941748,-0.21532038834951456,-0.2876990291262136,103,3
E07000192,Cannock Chase,20.88928333333333,48.565,5.233333333333333,0.13011666666666666,0.15678333333333333,-0.15353333333333333,60,3
E07000193,East Staffordshire,18.521930555555556,46.982,5.916666666666667,0.09940277777777778,0.022152777777777775,-0.25616666666666665,72,3
E07000194,Lichfield,12.668620689655173,37.196,7.293103448275862,0.08424137931034482,-0.41296551724137937,-0.5861206896551724,58,4
E07000195,Newcastle-under-Lyme,19.1869125,52.825,5.6875,0.1096,0.3468625,-0.16343749999999999,80,3
E07000196,South Staffordshire,13.198617647058823,31.053,7.088235294117647,0.08704411764705883,-0.46142647058823527,-0.4424264705882353,68,4
E07000197,Stafford,13.542349999999999,39.314,7.075,0.0779625,-0.215725,-0.5894,80,4
E07000198,Staffordshire Moorlands,15.205966101694916,40.56,6.593220338983051,0.0856949152542373,-0.23135593220338985,-0.5799491525423729,59,4
E07000199,Tamworth,20.981333333333332,61.657,5.372549019607843,0.12541176470588236,0.2645294117647059,0.06084313725490196,51,3
E07000200,Babergh,14.442555555555556,31.242,6.685185185185185,0.08203703703703703,-0.645537037037037,-0.34203703703703703,54,4
E07000202,Ipswich,25.704141176470586,54.752,4.517647058823529,0.1403529411764706,0.4012117647058824,0.39428235294117653,85,2
E07000203,Mid Suffolk,13.388214285714286,43.571,7.071428571428571,0.07208928571428572,-0.8544821428571429,-0.6094285714285714,56,4
E07000207,Elmbridge,8.006716049382716,29.583,8.703703703703704,0.05714814814814814,-1.4596419753086418,-0.21274074074074073,81,5
E07000208,Epsom and Ewell,8.441204545454546,31.234,8.704545454545455,0.05404545454545455,-1.1485454545454545,-0.08936363636363637,44,5
E07000209,Guildford,9.723202380952381,33.561,8.19047619047619,0.05895238095238095,-0.957202380952381,-0.48620238095238094,84,5
E07000210,Mole Valley,9.139111111111111,32.548,8.296296296296296,0.05301851851851852,-0.8724074074074074,-0.5076111111111111,54,5
E07000211,Reigate and Banstead,11.379139534883722,38.264,7.732558139534884,0.06755813953488371,-0.657546511627907,-0.20609302325581397,86,5
E07000212,Runnymede,12.262173076923078,30.31,7.3076923076923075,0.0665576923076923,-0.7500961538461539,-0.09021153846153845,52,4
E07000213,Spelthorne,14.863,33.008,6.6,0.0785,-0.5618666666666667,0.06116666666666667,60,4
E07000214,Surrey Heath,7.960890909090909,25.985,8.690909090909091,0.05287272727272727,-0.9551454545454545,-0.6594181818181818,55,5
E07000215,Tandridge,12.05962,25.504,7.38,0.06328,-0.63274,0.1285,50,5
E07000216,Waverley,7.616134146341464,27.928,8.71951219512195,0.055109756097560976,-0.9055000000000001,-0.7357073170731707,82,5
E07000217,Woking,10.565262295081967,34.717,7.918032786885246,0.066,-0.6569180327868853,-0.2546229508196721,61,5
E07000218,North Warwickshire,17.993052631578948,51.904,5.7894736842105265,0.097,-0.09547368421052632,-0.04652631578947369,38,3
E07000219,Nuneaton and Bedworth,22.882703703703704,63.008,4.962962962962963,0.13149382716049382,0.26312345679012344,0.2615432098765432,81,2
E07000220,Rugby,13.907311475409836,35.484,6.934426229508197,0.0858688524590164,-0.3747377049180328,-0.06727868852459017,61,4
E07000221,Stratford-on-Avon,11.747397260273974,27.01,7.410958904109589,0.06924657534246575,-0.5867534246575342,-0.509013698630137,73,5
E07000222,Warwick,12.065558139534883,43.845,7.476744186046512,0.07183720930232558,-0.31003488372093024,-0.19581395348837208,86,5
E07000223,Adur,17.709357142857144,38.777,5.904761904761905,0.10804761904761906,-0.036833333333333336,-0.38369047619047614,42,3
E07000224,Arun,18.653734042553193,52.058,5.75531914893617,0.10374468085106384,0.1380531914893617,-0.25944680851063834,94,3
E07000225,Chichester,14.137478873239436,30.026,6.732394366197183,0.07828169014084507,-0.4433802816901409,-0.6546197183098592,71,4
E07000226,Crawley,19.03369696969697,44.109,5.5,0.11004545454545454,-0.06368181818181819,0.051469696969696964,66,3
E07000227,Horsham,9.571308641975309,27.826,8.148148148148149,0.0542716049382716,-0.9022222222222221,-0.7634691358024691,81,5
E07000228,Mid Sussex,7.737162790697674,29.248,8.767441860465116,0.05336046511627907,-1.2152558139534884,-0.6857674418604651,86,5
E07000229,Worthing,16.76829230769231,41.811,6.292307692307692,0.09952307692307692,-0.0943076923076923,-0.4238769230769231,65,3
E07000234,Bromsgrove,11.624172413793103,34.937,7.637931034482759,0.07151724137931034,-0.4782413793103448,-0.14275862068965517,58,5
E07000235,Malvern Hills,16.122622222222223,52.638,6.377777777777778,0.09353333333333333,-0.5636888888888889,-0.4169333333333333,45,3
E07000236,Redditch,22.390454545454542,56.484,5.2727272727272725,0.12236363636363637,0.3736545454545455,-0.07892727272727273,55,2
E07000237,Worcester,21.261714285714287,76.145,5.7936507936507935,0.1201904761904762,0.07496825396825396,0.10909523809523808,63,2
E07000238,Wychavon,15.687166666666666,42.474,6.461538461538462,0.08444871794871794,-0.5550128205128205,-0.34364102564102567,78,4
E07000239,Wyre Forest,21.4184,73.255,5.3538461538461535,0.12150769230769232,-0.08921538461538463,0.029476923076923067,65,2
E07000240,St Albans,8.335448275862069,27.556,8.505747126436782,0.059356321839080455,-1.314241379310345,-0.2595862068965517,87,5
E07000241,Welwyn Hatfield,13.99989552238806,33.313,6.835820895522388,0.08613432835820896,-0.46259701492537314,-0.14811940298507464,67,4
E07000242,East Hertfordshire,8.353107142857144,27.148,8.55952380952381,0.06014285714285714,-1.403345238095238,-0.4245357142857143,84,5
E07000243,Stevenage,19.67153846153846,41.171,5.230769230769231,0.1221923076923077,-0.08692307692307691,0.14453846153846153,52,3
E07000244,East Suffolk,20.119979452054793,81.147,5.7465753424657535,0.11513013698630138,-0.08694520547945206,-0.37995890410958905,146,3
E07000245,West Suffolk,16.08437,33.271,6.25,0.08119,-0.30101,-0.31616,100,3
E07000246,Somerset West and Taunton,19.516931818181817,56.098,5.545454545454546,0.10552272727272727,-0.03635227272727272,-0.21648863636363636,88,3
E08000001,Bolton,30.14746892655367,76.792,4.209039548022599,0.1817909604519774,0.5827401129943502,0.6862655367231638,177,1
E08000002,Bury,23.250383333333332,77.703,5.216666666666667,0.14180833333333334,0.2964833333333334,0.4097416666666666,120,2
E08000003,Manchester,39.98703900709219,77.768,2.5425531914893615,0.2185,1.2031347517730495,1.1982234042553193,282,1
E08000004,Oldham,32.287078014184395,75.624,3.8439716312056738,0.1863049645390071,0.6496170212765958,0.8500567375886525,141,1
E08000005,Rochdale,33.30633582089552,79.3,3.544776119402985,0.19313432835820896,0.8231194029850747,0.9134626865671641,134,1
E08000006,Salford,33.998,75.302,3.533333333333333,0.19051333333333334,0.9911266666666667,0.6730466666666666,150,1
E08000007,Stockport,20.294915789473684,77.101,5.921052631578948,0.11687368421052631,0.334678947368421,0.3181263157894737,190,3
E08000008,Tameside,30.816893617021275,71.016,3.6382978723404253,0.1718014184397163,0.8399503546099292,0.7038368794326241,141,1
E08000009,Trafford,15.912528985507247,65.582,6.77536231884058,0.10547826086956523,-0.07752898550724638,-0.06648550724637682,138,4
E08000010,Wigan,25.528415,75.885,4.885,0.146605,0.616455,0.37546999999999997,200,2
E08000011,Knowsley,43.5624387755102,77.148,2.561224489795918,0.25476530612244896,1.3973469387755102,0.21360204081632653,98,1
E08000012,Liverpool,42.517922818791945,84.368,2.751677852348993,0.23623489932885905,1.3433322147651006,0.5836442953020133,298,1
E08000013,St. Helens,31.513142857142856,81.0,3.957983193277311,0.18111764705882355,1.070966386554622,0.18847899159663867,119,1
E08000014,Sefton,27.281365079365077,77.512,4.761904761904762,0.1632222222222222,0.7614603174603174,-0.0696084656084656,189,1
E08000015,Wirral,29.43321359223301,82.666,4.635922330097087,0.17364563106796116,0.960995145631068,-0.06420388349514564,206,1
E08000016,Barnsley,30.060891156462585,66.116,3.82312925170068,0.1700408163265306,0.8432925170068027,0.509734693877551,147,1
E08000017,Doncaster,30.098355670103093,77.257,3.9536082474226806,0.16457731958762886,0.6703144329896907,0.6901237113402061,194,1
E08000018,Rotherham,29.347473053892216,70.649,4.149700598802395,0.16680239520958084,0.8183233532934131,0.4418862275449102,167,1
E08000019,Sheffield,26.953753623188405,74.795,4.83768115942029,0.15634202898550725,0.46291594202898545,0.3877623188405797,345,1
E08000021,Newcastle upon Tyne,29.84830285714286,79.298,4.525714285714286,0.18089714285714287,0.80584,0.4513028571428571,175,1
E08000022,North Tyneside,22.11335114503817,69.647,5.450381679389313,0.14293129770992366,0.42604580152671756,0.15038931297709923,131,2
E08000023,South Tyneside,31.538480392156863,69.062,3.6470588235294117,0.20581372549019605,0.8662254901960784,0.3341372549019608,102,1
E08000024,Sunderland,30.635486486486485,72.638,3.827027027027027,0.19304864864864865,0.825081081081081,0.39135675675675674,185,1
E08000025,Birmingham,37.608262910798125,78.083,2.890453834115806,0.21820031298904538,0.6694866979655713,0.3408935837245696,639,1
E08000026,Coventry,25.35287692307692,75.274,4.6923076923076925,0.15383589743589743,0.34272307692307696,0.06983589743589742,195,2
E08000027,Dudley,23.290910447761195,63.363,5.079601990049751,0.15058706467661692,0.2635771144278607,-0.15930348258706464,201,2
E08000028,Sandwell,34.87560752688172,73.297,2.8118279569892475,0.2142741935483871,0.7056129032258065,0.28261290322580646,186,1
E08000029,Solihull,17.75452985074627,64.431,6.567164179104478,0.11064925373134328,-0.23095522388059703,-0.13072388059701492,134,3
E08000030,Walsall,30.708137724550898,67.813,3.8323353293413174,0.19417964071856286,0.5392335329341318,0.13937724550898203,167,1
E08000031,Wolverhampton,31.51603797468354,68.126,3.537974683544304,0.20724050632911392,0.5968417721518987,0.034575949367088604,158,1
E08000032,Bradford,33.88911935483871,75.905,3.629032258064516,0.18415483870967742,0.6155225806451613,0.9075645161290323,310,1
E08000033,Calderdale,26.73428125,71.544,4.4765625,0.151515625,0.2910625,0.5776953125000001,128,2
E08000034,Kirklees,24.868088803088803,63.016,4.714285714285714,0.14176447876447876,0.15965637065637064,0.47807335907335907,259,2
E08000035,Leeds,27.243360995850622,78.577,4.796680497925311,0.14406016597510374,0.40836514522821576,0.6577261410788382,482,1
E08000036,Wakefield,27.23937320574163,71.126,4.3349282296650715,0.14644976076555025,0.543622009569378,0.5132535885167464,209,1
E08000037,Gateshead,28.031841269841273,67.387,4.253968253968254,0.16633333333333333,0.8186666666666667,0.33380158730158727,126,1
E09000001,City of London,14.805,28.652,6.666666666666667,0.06266666666666666,-0.6705,-1.6608333333333334,6,4
E09000002,Barking and Dagenham,32.883472727272725,46.922,2.6818181818181817,0.19421818181818182,0.22341818181818182,0.5377090909090909,110,1
E09000003,Barnet,15.953625592417062,45.842,6.38388625592417,0.10918483412322275,-1.08642654028436,0.07864928909952608,211,4
E09000004,Bexley,15.88236301369863,42.524,6.506849315068493,0.10224657534246576,-0.5743424657534246,-0.14677397260273972,146,4
E09000005,Brent,25.19985549132948,57.244,4.161849710982659,0.15402312138728325,-0.45933526011560694,0.42131791907514454,173,2
E09000006,Bromley,13.969446700507616,47.689,7.106598984771574,0.08971065989847715,-0.9104670050761421,-0.04169543147208122,197,4
E09000007,Camden,19.981052631578947,40.883,5.406015037593985,0.13997744360902256,-0.570203007518797,0.32133834586466165,133,3
E09000008,Croydon,21.957304545454544,58.173,5.0227272727272725,0.13383636363636364,-0.18925,0.2513,220,2
E09000009,Ealing,22.55273979591837,50.708,4.795918367346939,0.13998979591836735,-0.32933163265306126,0.23458163265306123,196,2
E09000010,Enfield,25.403448087431695,53.716,4.382513661202186,0.168,-0.5437923497267759,0.18895628415300547,183,2
E09000011,Greenwich,24.27517880794702,47.53,4.317880794701987,0.15654966887417218,-0.02839072847682119,0.469794701986755,151,2
E09000012,Hackney,32.868201388888885,56.261,2.7430555555555554,0.1984513888888889,0.3936041666666667,0.6287222222222222,144,1
E09000013,Hammersmith and Fulham,22.32622123893805,50.627,4.823008849557522,0.14230088495575222,-0.04784070796460177,0.35216814159292037,113,2
E09000014,Haringey,27.587200000000003,64.677,3.9034482758620688,0.1682896551724138,-0.13529655172413793,0.7164620689655172,145,1
E09000015,Harrow,14.860883211678832,38.186,6.554744525547445,0.10748905109489051,-1.042875912408759,-0.15634306569343065,137,4
E09000016,Havering,16.35052,49.966,6.346666666666667,0.10468,-0.55384,0.10280666666666666,150,3
E09000017,Hillingdon,17.839329192546586,42.956,5.906832298136646,0.11225465838509317,-0.3888757763975155,0.2108695652173913,161,3
E09000018,Hounslow,21.371711267605633,49.21,4.830985915492958,0.12852112676056338,-0.27467605633802816,0.36388732394366197,142,2
E09000019,Islington,27.706040650406504,50.095,3.6422764227642275,0.18042276422764228,0.2869349593495935,0.6179837398373984,123,1
E09000020,Kensington and Chelsea,22.019300970873786,59.009,5.213592233009709,0.12111650485436892,-1.2079805825242718,0.34546601941747573,103,2
E09000021,Kingston upon Thames,11.303244897959184,40.913,7.622448979591836,0.07807142857142857,-0.9602653061224489,-0.34646938775510205,98,5
E09000022,Lambeth,25.797247191011234,43.799,3.949438202247191,0.1562696629213483,0.16851123595505618,0.5424213483146068,178,2
E09000023,Lewisham,26.86936094674556,48.716,3.7633136094674557,0.16620118343195267,0.07952071005917159,0.39711242603550295,169,1
E09000024,Merton,14.34733064516129,40.359,6.887096774193548,0.0982258064516129,-0.6362016129032257,-0.06741935483870967,124,4
E09000025,Newham,29.771079268292684,47.765,3.091463414634146,0.17152439024390242,-0.010640243902439025,0.46626829268292685,164,1
E09000026,Redbridge,16.90785093167702,39.856,5.987577639751553,0.11861490683229814,-0.7491055900621117,0.2847018633540373,161,3
E09000027,Richmond upon Thames,9.423121739130435,37.019,8.321739130434782,0.06398260869565217,-1.3772869565217392,-0.060704347826086955,115,5
E09000028,Southwark,26.041289156626508,50.411,4.024096385542169,0.16369277108433733,0.12434939759036144,0.4816084337349398,166,2
E09000029,Sutton,13.820280991735537,44.327,7.099173553719008,0.09361157024793389,-0.575396694214876,-0.18304132231404957,121,4
E09000030,Tower Hamlets,27.970458333333333,46.457,3.6805555555555554,0.1907222222222222,0.2098611111111111,0.5192222222222223,144,1
E09000031,Waltham Forest,25.136930555555555,47.476,4.076388888888889,0.15169444444444447,-0.16199305555555557,0.4085277777777778,144,2
E09000032,Wandsworth,16.420262569832403,38.578,6.212290502793296,0.10506145251396648,-0.4036033519553073,0.11750837988826815,179,3
E09000033,Westminster,20.33184375,52.17,5.453125,0.1335546875,-0.8354453125,0.124828125,128,3
